genome	relative_abundance_%
Paeruginosa.fna	7.1661829044513015
Ecoli.fna	89.50981123390449
Senterica.fna	3.324005861644233
