genome	relative_abundance_%
Paeruginosa.fna	53.15195669441716
Ecoli.fna	1.419229513074199
Senterica.fna	45.428813792508635
